Date,Home,Away,Minute Scored,Goal Scorer,Fact,Team
2021-08-13,Brentford,Arsenal,22’,Sergi Canós,Assist:Ethan Pinnock,Brentford
2021-08-13,Brentford,Arsenal,73’,Christian Nørgaard,,Brentford
2021-08-14,Burnley,Brighton,2’,James Tarkowski,Assist:Ashley Westwood,Burnley
2021-08-14,Burnley,Brighton,73’,Neal Maupay,Assist:Jakub Moder,Brighton
2021-08-14,Burnley,Brighton,78’,Alexis Mac Allister,Assist:Pascal Groß,Brighton
2021-08-14,Chelsea,Crystal Palace,27’,Marcos Alonso,,Chelsea
2021-08-14,Chelsea,Crystal Palace,40’,Christian Pulisic,,Chelsea
2021-08-14,Everton,Southampton,22’,Adam Armstrong,Assist:Che Adams,Southampton
2021-08-14,Everton,Southampton,47’,Richarlison,Assist:Andros Townsend,Everton
2021-08-14,Everton,Southampton,76’,Abdoulaye Doucouré,Assist:Alex Iwobi,Everton
2021-08-14,Everton,Southampton,81’,Dominic Calvert-Lewin,Assist:Richarlison,Everton
2021-08-14,Leicester City,Wolves,41’,Jamie Vardy,Assist:Ricardo Pereira,Leicester City
2021-08-14,Manchester Utd,Leeds United,30’,Bruno Fernandes,Assist:Paul Pogba,Manchester Utd
2021-08-14,Manchester Utd,Leeds United,48’,Luke Ayling,Assist:Stuart Dallas,Leeds United
2021-08-14,Manchester Utd,Leeds United,52’,Mason Greenwood,Assist:Paul Pogba,Manchester Utd
2021-08-14,Manchester Utd,Leeds United,54’,Bruno Fernandes,Assist:Paul Pogba,Manchester Utd
2021-08-14,Norwich City,Liverpool,26’,Diogo Jota,Assist:Mohamed Salah,Liverpool
2021-08-14,Norwich City,Liverpool,65’,Roberto Firmino,Assist:Mohamed Salah,Liverpool
2021-08-14,Watford,Aston Villa,10’,Emmanuel Dennis,,Watford
2021-08-14,Watford,Aston Villa,42’,Ismaila Sarr,Assist:Emmanuel Dennis,Watford
2021-08-15,Newcastle Utd,West Ham,18’,Aaron Cresswell,Assist:Pablo Fornals,West Ham
2021-08-15,Newcastle Utd,West Ham,40’,Jacob Murphy,Assist:Matt Ritchie,Newcastle Utd
2021-08-15,Newcastle Utd,West Ham,53’,Saïd Benrahma,Assist:Michail Antonio,West Ham
2021-08-15,Newcastle Utd,West Ham,5’,Callum Wilson,Assist:Allan Saint-Maximin,Newcastle Utd
2021-08-15,Newcastle Utd,West Ham,63’,Tomáš Souček,,West Ham
2021-08-15,Newcastle Utd,West Ham,66’,Michail Antonio,Assist:Saïd Benrahma,West Ham
2021-08-15,Tottenham,Manchester City,55’,Son Heung-min,Assist:Steven Bergwijn,Tottenham
2021-08-21,Aston Villa,Newcastle Utd,45+3’,Danny Ings,Assist:Tyrone Mings,Aston Villa
2021-08-21,Aston Villa,Newcastle Utd,62’,Anwar El Ghazi,Penalty Kick,Aston Villa
2021-08-21,Brighton,Watford,10’,Shane Duffy,Assist:Pascal Groß,Brighton
2021-08-21,Brighton,Watford,41’,Neal Maupay,Assist:Yves Bissouma,Brighton
2021-08-21,Leeds United,Everton,30’,Dominic Calvert-Lewin,Penalty Kick,Everton
2021-08-21,Leeds United,Everton,41’,Mateusz Klich,Assist:Patrick Bamford,Leeds United
2021-08-21,Leeds United,Everton,50’,Demarai Gray,Assist:Abdoulaye Doucouré,Everton
2021-08-21,Leeds United,Everton,72’,Raphael Dias Belloli,Assist:Liam Cooper,Leeds United
2021-08-21,Liverpool,Burnley,18’,Diogo Jota,Assist:Kostas Tsimikas,Liverpool
2021-08-21,Liverpool,Burnley,69’,Sadio Mané,Assist:Trent Alexander-Arnold,Liverpool
2021-08-21,Manchester City,Norwich City,22’,Jack Grealish,Assist:Gabriel Jesus,Manchester City
2021-08-21,Manchester City,Norwich City,64’,Aymeric Laporte,,Manchester City
2021-08-22,Arsenal,Chelsea,15’,Romelu Lukaku,Assist:Reece James,Chelsea
2021-08-22,Arsenal,Chelsea,35’,Reece James,Assist:Mason Mount,Chelsea
2021-08-22,Southampton,Manchester Utd,30’,Fred,Own Goal,Southampton
2021-08-22,Southampton,Manchester Utd,55’,Mason Greenwood,Assist:Paul Pogba,Manchester Utd
2021-08-22,Wolves,Tottenham,9’,Dele Alli,Penalty Kick,Tottenham
2021-08-23,West Ham,Leicester City,26’,Pablo Fornals,Assist:Saïd Benrahma,West Ham
2021-08-23,West Ham,Leicester City,56’,Saïd Benrahma,Assist:Michail Antonio,West Ham
2021-08-23,West Ham,Leicester City,80’,Michail Antonio,Assist:Declan Rice,West Ham
2021-08-28,Aston Villa,Brentford,13’,Emi Buendía,Assist:Danny Ings,Aston Villa
2021-08-28,Aston Villa,Brentford,7’,Ivan Toney,Assist:Pontus Jansson,Brentford
2021-08-28,Brighton,Everton,41’,Demarai Gray,Assist:Allan,Everton
2021-08-28,Brighton,Everton,58’,Dominic Calvert-Lewin,Penalty Kick,Everton
2021-08-28,Liverpool,Chelsea,22’,Kai Havertz,Assist:Reece James,Chelsea
2021-08-28,Liverpool,Chelsea,45+5’,Mohamed Salah,Penalty Kick,Liverpool
2021-08-28,Manchester City,Arsenal,12’,Ferrán Torres,,Manchester City
2021-08-28,Manchester City,Arsenal,43’,Gabriel Jesus,Assist:Jack Grealish,Manchester City
2021-08-28,Newcastle Utd,Southampton,55’,Callum Wilson,Assist:Jacob Murphy,Newcastle Utd
2021-08-28,Newcastle Utd,Southampton,74’,Mohamed Elyounoussi,,Southampton
2021-08-28,Newcastle Utd,Southampton,90+6’,James Ward-Prowse,Penalty Kick,Southampton
2021-08-28,Newcastle Utd,Southampton,90’,Allan Saint-Maximin,,Newcastle Utd
2021-08-28,Norwich City,Leicester City,44’,Teemu Pukki,Penalty Kick,Norwich City
2021-08-28,Norwich City,Leicester City,76’,Marc Albrighton,Assist:Jamie Vardy,Leicester City
2021-08-28,Norwich City,Leicester City,8’,Jamie Vardy,Assist:Ricardo Pereira,Leicester City
2021-08-28,West Ham,Crystal Palace,39’,Pablo Fornals,Assist:Michail Antonio,West Ham
2021-08-28,West Ham,Crystal Palace,58’,Conor Gallagher,Assist:Christian Benteke,Crystal Palace
2021-08-28,West Ham,Crystal Palace,68’,Michail Antonio,,West Ham
2021-08-28,West Ham,Crystal Palace,70’,Conor Gallagher,,Crystal Palace
2021-08-29,Burnley,Leeds United,61’,Chris Wood,Assist:Matthew Lowton,Burnley
2021-08-29,Burnley,Leeds United,86’,Patrick Bamford,,Leeds United
2021-08-29,Tottenham,Watford,42’,Son Heung-min,,Tottenham
2021-08-29,Wolves,Manchester Utd,80’,Mason Greenwood,Assist:Raphaël Varane,Manchester Utd
2021-09-11,Arsenal,Norwich City,66’,Pierre-Emerick Aubameyang,Assist:Nicolas Pépé,Arsenal
2021-09-11,Brentford,Brighton,90’,Leandro Trossard,Assist:Alexis Mac Allister,Brighton
2021-09-11,Chelsea,Aston Villa,15’,Romelu Lukaku,Assist:Mateo Kovačić,Chelsea
2021-09-11,Chelsea,Aston Villa,49’,Mateo Kovačić,,Chelsea
2021-09-11,Crystal Palace,Tottenham,76’,Wilfried Zaha,Penalty Kick,Crystal Palace
2021-09-11,Crystal Palace,Tottenham,84’,Odsonne Édouard,Assist:Wilfried Zaha,Crystal Palace
2021-09-11,Leicester City,Manchester City,62’,Bernardo Silva,,Manchester City
2021-09-11,Manchester Utd,Newcastle Utd,45+2’,Cristiano Ronaldo,,Manchester Utd
2021-09-11,Manchester Utd,Newcastle Utd,56’,Javier Manquillo,Assist:Allan Saint-Maximin,Newcastle Utd
2021-09-11,Manchester Utd,Newcastle Utd,62’,Cristiano Ronaldo,Assist:Luke Shaw,Manchester Utd
2021-09-11,Manchester Utd,Newcastle Utd,80’,Bruno Fernandes,Assist:Paul Pogba,Manchester Utd
2021-09-11,Watford,Wolves,74’,Francisco Sierralta,Own Goal,Wolves
2021-09-11,Watford,Wolves,83’,Hwang Hee-chan,,Wolves
2021-09-12,Leeds United,Liverpool,20’,Mohamed Salah,Assist:Trent Alexander-Arnold,Liverpool
2021-09-12,Leeds United,Liverpool,50’,Fabinho,,Liverpool
2021-09-13,Everton,Burnley,53’,Ben Mee,Assist:Jóhann Berg Guðmundsson,Burnley
2021-09-13,Everton,Burnley,60’,Michael Keane,Assist:Andros Townsend,Everton
2021-09-13,Everton,Burnley,65’,Andros Townsend,Assist:Abdoulaye Doucouré,Everton
2021-09-13,Everton,Burnley,66’,Demarai Gray,Assist:Abdoulaye Doucouré,Everton
2021-09-17,Newcastle Utd,Leeds United,13’,Raphael Dias Belloli,Assist:Patrick Bamford,Leeds United
2021-09-17,Newcastle Utd,Leeds United,44’,Allan Saint-Maximin,Assist:Joelinton,Newcastle Utd
2021-09-18,Aston Villa,Everton,66’,Matty Cash,Assist:Douglas Luiz,Aston Villa
2021-09-18,Aston Villa,Everton,69’,Lucas Digne,Own Goal,Aston Villa
2021-09-18,Burnley,Arsenal,30’,Martin Ødegaard,,Arsenal
2021-09-18,Liverpool,Crystal Palace,43’,Sadio Mané,,Liverpool
2021-09-18,Liverpool,Crystal Palace,78’,Mohamed Salah,Assist:Virgil van Dijk,Liverpool
2021-09-18,Norwich City,Watford,17’,Emmanuel Dennis,Assist:Kiko Femenía,Watford
2021-09-18,Norwich City,Watford,35’,Teemu Pukki,Assist:Mathias Normann,Norwich City
2021-09-18,Norwich City,Watford,63’,Ismaila Sarr,Assist:Joshua King,Watford
2021-09-18,Norwich City,Watford,80’,Ismaila Sarr,,Watford
2021-09-18,Wolves,Brentford,28’,Ivan Toney,Penalty Kick,Brentford
2021-09-18,Wolves,Brentford,34’,Bryan Mbeumo,Assist:Ivan Toney,Brentford
2021-09-19,Brighton,Leicester City,35’,Neal Maupay,Penalty Kick,Brighton
2021-09-19,Brighton,Leicester City,50’,Danny Welbeck,Assist:Leandro Trossard,Brighton
2021-09-19,Tottenham,Chelsea,49’,Thiago Silva,Assist:Marcos Alonso,Chelsea
2021-09-19,Tottenham,Chelsea,57’,N'Golo Kanté,Assist:Mateo Kovačić,Chelsea
2021-09-19,West Ham,Manchester Utd,30’,Saïd Benrahma,Assist:Jarrod Bowen,West Ham
2021-09-19,West Ham,Manchester Utd,35’,Cristiano Ronaldo,,Manchester Utd
2021-09-19,West Ham,Manchester Utd,89’,Jesse Lingard,Assist:Nemanja Matić,Manchester Utd
2021-09-25,Brentford,Liverpool,27’,Ethan Pinnock,Assist:Ivan Toney,Brentford
2021-09-25,Brentford,Liverpool,31’,Diogo Jota,Assist:Jordan Henderson,Liverpool
2021-09-25,Brentford,Liverpool,54’,Mohamed Salah,Assist:Fabinho,Liverpool
2021-09-25,Brentford,Liverpool,63’,Vitaly Janelt,,Brentford
2021-09-25,Brentford,Liverpool,67’,Curtis Jones,Assist:Andrew Robertson,Liverpool
2021-09-25,Brentford,Liverpool,82’,Yoane Wissa,,Brentford
2021-09-25,Chelsea,Manchester City,53’,Gabriel Jesus,Assist:João Cancelo,Manchester City
2021-09-25,Everton,Norwich City,29’,Andros Townsend,Penalty Kick,Everton
2021-09-25,Everton,Norwich City,77’,Abdoulaye Doucouré,Assist:Demarai Gray,Everton
2021-09-25,Leeds United,West Ham,19’,Raphael Dias Belloli,Assist:Mateusz Klich,Leeds United
2021-09-25,Leeds United,West Ham,67’,Junior Firpo,Own Goal,West Ham
2021-09-25,Leeds United,West Ham,90’,Michail Antonio,Assist:Declan Rice,West Ham
2021-09-25,Leicester City,Burnley,12’,Jamie Vardy,Own Goal,Burnley
2021-09-25,Leicester City,Burnley,37’,Jamie Vardy,Assist:Youri Tielemans,Leicester City
2021-09-25,Leicester City,Burnley,40’,Maxwel Cornet,Assist:Matěj Vydra,Burnley
2021-09-25,Leicester City,Burnley,85’,Jamie Vardy,Assist:Kelechi Iheanacho,Leicester City
2021-09-25,Manchester Utd,Aston Villa,88’,Kortney Hause,Assist:Douglas Luiz,Aston Villa
2021-09-25,Watford,Newcastle Utd,23’,Sean Longstaff,Assist:Allan Saint-Maximin,Newcastle Utd
2021-09-25,Watford,Newcastle Utd,72’,Ismaila Sarr,Assist:Joshua King,Watford
2021-09-26,Arsenal,Tottenham,12’,Emile Smith Rowe,Assist:Bukayo Saka,Arsenal
2021-09-26,Arsenal,Tottenham,27’,Pierre-Emerick Aubameyang,Assist:Emile Smith Rowe,Arsenal
2021-09-26,Southampton,Wolves,61’,Raúl Jiménez,Assist:José Sá,Wolves
2021-09-27,Crystal Palace,Brighton,45+2’,Wilfried Zaha,Penalty Kick,Crystal Palace
2021-09-27,Crystal Palace,Brighton,90+5’,Neal Maupay,Assist:Joël Veltman,Brighton
2021-10-02,Chelsea,Southampton,61’,James Ward-Prowse,Penalty Kick,Southampton
2021-10-02,Chelsea,Southampton,84’,Timo Werner,Assist:César Azpilicueta,Chelsea
2021-10-02,Chelsea,Southampton,89’,Ben Chilwell,,Chelsea
2021-10-02,Chelsea,Southampton,9’,Trevoh Chalobah,Assist:Ruben Loftus-Cheek,Chelsea
2021-10-02,Leeds United,Watford,18’,Diego Llorente,,Leeds United
2021-10-02,Manchester Utd,Everton,43’,Anthony Martial,Assist:Bruno Fernandes,Manchester Utd
2021-10-02,Manchester Utd,Everton,65’,Andros Townsend,Assist:Abdoulaye Doucouré,Everton
2021-10-02,Wolves,Newcastle Utd,20’,Hwang Hee-chan,Assist:Raúl Jiménez,Wolves
2021-10-02,Wolves,Newcastle Utd,41’,Jeff Hendrick,Assist:Javier Manquillo,Newcastle Utd
2021-10-02,Wolves,Newcastle Utd,58’,Hwang Hee-chan,Assist:Raúl Jiménez,Wolves
2021-10-03,Crystal Palace,Leicester City,31’,Kelechi Iheanacho,,Leicester City
2021-10-03,Crystal Palace,Leicester City,37’,Jamie Vardy,Assist:Harvey Barnes,Leicester City
2021-10-03,Crystal Palace,Leicester City,72’,Jeffrey Schlupp,,Crystal Palace
2021-10-03,Liverpool,Manchester City,59’,Sadio Mané,Assist:Mohamed Salah,Liverpool
2021-10-03,Liverpool,Manchester City,69’,Phil Foden,Assist:Gabriel Jesus,Manchester City
2021-10-03,Liverpool,Manchester City,76’,Mohamed Salah,Assist:Curtis Jones,Liverpool
2021-10-03,Liverpool,Manchester City,81’,Kevin De Bruyne,,Manchester City
2021-10-03,Tottenham,Aston Villa,27’,Pierre Højbjerg,Assist:Son Heung-min,Tottenham
2021-10-03,Tottenham,Aston Villa,67’,Ollie Watkins,Assist:Matt Targett,Aston Villa
2021-10-03,Tottenham,Aston Villa,71’,Matt Targett,Own Goal,Tottenham
2021-10-03,West Ham,Brentford,20’,Bryan Mbeumo,,Brentford
2021-10-03,West Ham,Brentford,80’,Jarrod Bowen,Assist:Tomáš Souček,West Ham
2021-10-03,West Ham,Brentford,90+4’,Yoane Wissa,,Brentford
2021-10-16,Aston Villa,Wolves,48’,Danny Ings,Assist:John McGinn,Aston Villa
2021-10-16,Aston Villa,Wolves,68’,John McGinn,,Aston Villa
2021-10-16,Aston Villa,Wolves,85’,Conor Coady,Assist:Leander Dendoncker,Wolves
2021-10-16,Aston Villa,Wolves,90+5’,Rúben Neves,,Wolves
2021-10-16,Brentford,Chelsea,45’,Ben Chilwell,,Chelsea
2021-10-16,Leicester City,Manchester Utd,19’,Mason Greenwood,Assist:Bruno Fernandes,Manchester Utd
2021-10-16,Leicester City,Manchester Utd,31’,Youri Tielemans,Assist:Kelechi Iheanacho,Leicester City
2021-10-16,Leicester City,Manchester Utd,78’,Çağlar Söyüncü,Assist:Ayoze Pérez,Leicester City
2021-10-16,Leicester City,Manchester Utd,82’,Marcus Rashford,Assist:Victor Lindelöf,Manchester Utd
2021-10-16,Leicester City,Manchester Utd,83’,Jamie Vardy,Assist:Ayoze Pérez,Leicester City
2021-10-16,Leicester City,Manchester Utd,90+1’,Patson Daka,,Leicester City
2021-10-16,Manchester City,Burnley,12’,Bernardo Silva,,Manchester City
2021-10-16,Manchester City,Burnley,70’,Kevin De Bruyne,,Manchester City
2021-10-16,Southampton,Leeds United,53’,Armando Broja,Assist:Nathan Redmond,Southampton
2021-10-16,Watford,Liverpool,37’,Roberto Firmino,Assist:James Milner,Liverpool
2021-10-16,Watford,Liverpool,52’,Roberto Firmino,,Liverpool
2021-10-17,Everton,West Ham,74’,Angelo Ogbonna,Assist:Jarrod Bowen,West Ham
2021-10-17,Newcastle Utd,Tottenham,17’,Tanguy Ndombele,Assist:Sergio Reguilón,Tottenham
2021-10-17,Newcastle Utd,Tottenham,22’,Harry Kane,Assist:Pierre Højbjerg,Tottenham
2021-10-17,Newcastle Utd,Tottenham,45+4’,Son Heung-min,Assist:Harry Kane,Tottenham
2021-10-18,Arsenal,Crystal Palace,50’,Christian Benteke,Assist:Jordan Ayew,Crystal Palace
2021-10-18,Arsenal,Crystal Palace,73’,Odsonne Édouard,Assist:Michael Olise,Crystal Palace
2021-10-18,Arsenal,Crystal Palace,90+5’,Alexandre Lacazette,,Arsenal
2021-10-22,Arsenal,Aston Villa,23’,Thomas Partey,Assist:Emile Smith Rowe,Arsenal
2021-10-22,Arsenal,Aston Villa,45+6’,Pierre-Emerick Aubameyang,,Arsenal
2021-10-23,Brighton,Manchester City,13’,İlkay Gündoğan,Assist:Bernardo Silva,Manchester City
2021-10-23,Brighton,Manchester City,28’,Phil Foden,Assist:Jack Grealish,Manchester City
2021-10-23,Chelsea,Norwich City,18’,Callum Hudson-Odoi,Assist:Mateo Kovačić,Chelsea
2021-10-23,Chelsea,Norwich City,42’,Reece James,Assist:Mason Mount,Chelsea
2021-10-23,Crystal Palace,Newcastle Utd,56’,Christian Benteke,Assist:Tyrick Mitchell,Crystal Palace
2021-10-23,Crystal Palace,Newcastle Utd,65’,Callum Wilson,Assist:Emil Krafth,Newcastle Utd
2021-10-23,Everton,Watford,13’,Joshua King,Assist:Craig Cathcart,Watford
2021-10-23,Everton,Watford,3’,Tom Davies,Assist:Demarai Gray,Everton
2021-10-23,Everton,Watford,63’,Richarlison,Assist:Michael Keane,Everton
2021-10-23,Everton,Watford,78’,Juraj Kucka,Assist:Cucho,Watford
2021-10-23,Everton,Watford,80’,Joshua King,Assist:Emmanuel Dennis,Watford
2021-10-23,Everton,Watford,86’,Joshua King,Assist:Emmanuel Dennis,Watford
2021-10-23,Leeds United,Wolves,10’,Hwang Hee-chan,,Wolves
2021-10-23,Leeds United,Wolves,90+4’,Rodrigo,Penalty Kick,Leeds United
2021-10-23,Southampton,Burnley,13’,Maxwel Cornet,Assist:Matthew Lowton,Burnley
2021-10-23,Southampton,Burnley,41’,Valentino Livramento,Assist:Nathan Redmond,Southampton
2021-10-23,Southampton,Burnley,50’,Armando Broja,Assist:Ibrahima Diallo,Southampton
2021-10-23,Southampton,Burnley,57’,Maxwel Cornet,Assist:Ashley Westwood,Burnley
2021-10-24,Brentford,Leicester City,14’,Youri Tielemans,,Leicester City
2021-10-24,Brentford,Leicester City,60’,Mathias Jørgensen,Assist:Mathias Jensen,Brentford
2021-10-24,Brentford,Leicester City,73’,James Maddison,Assist:Patson Daka,Leicester City
2021-10-24,Manchester Utd,Liverpool,13’,Diogo Jota,Assist:Trent Alexander-Arnold,Liverpool
2021-10-24,Manchester Utd,Liverpool,38’,Mohamed Salah,Assist:Naby Keïta,Liverpool
2021-10-24,West Ham,Tottenham,72’,Michail Antonio,Assist:Aaron Cresswell,West Ham
2021-10-30,Burnley,Brentford,32’,Matthew Lowton,Assist:Charlie Taylor,Burnley
2021-10-30,Burnley,Brentford,36’,Maxwel Cornet,Assist:Dwight McNeil,Burnley
2021-10-30,Leicester City,Arsenal,18’,Emile Smith Rowe,,Arsenal
2021-10-30,Leicester City,Arsenal,5’,Gabriel Dos Santos,Assist:Bukayo Saka,Arsenal
2021-10-30,Liverpool,Brighton,24’,Sadio Mané,Assist:Alex Oxlade-Chamberlain,Liverpool
2021-10-30,Liverpool,Brighton,41’,Enock Mwepu,Assist:Solly March,Brighton
2021-10-30,Liverpool,Brighton,4’,Jordan Henderson,Assist:Mohamed Salah,Liverpool
2021-10-30,Liverpool,Brighton,65’,Leandro Trossard,Assist:Adam Lallana,Brighton
2021-10-30,Manchester City,Crystal Palace,6’,Wilfried Zaha,Assist:Conor Gallagher,Crystal Palace
2021-10-30,Manchester City,Crystal Palace,88’,Conor Gallagher,Assist:Michael Olise,Crystal Palace
2021-10-30,Newcastle Utd,Chelsea,65’,Reece James,,Chelsea
2021-10-30,Newcastle Utd,Chelsea,77’,Reece James,,Chelsea
2021-10-30,Tottenham,Manchester Utd,39’,Cristiano Ronaldo,Assist:Bruno Fernandes,Manchester Utd
2021-10-30,Tottenham,Manchester Utd,64’,Edinson Cavani,Assist:Cristiano Ronaldo,Manchester Utd
2021-10-30,Watford,Southampton,20’,Che Adams,Assist:Adam Armstrong,Southampton
2021-10-31,Aston Villa,West Ham,34’,Ollie Watkins,Assist:Emi Buendía,Aston Villa
2021-10-31,Aston Villa,West Ham,38’,Declan Rice,Assist:Saïd Benrahma,West Ham
2021-10-31,Aston Villa,West Ham,7’,Ben Johnson,Assist:Declan Rice,West Ham
2021-10-31,Aston Villa,West Ham,80’,Pablo Fornals,,West Ham
2021-10-31,Norwich City,Leeds United,56’,Raphael Dias Belloli,Assist:Daniel James,Leeds United
2021-10-31,Norwich City,Leeds United,58’,Andrew Omobamidele,Assist:Milot Rashica,Norwich City
2021-10-31,Norwich City,Leeds United,60’,Rodrigo,Assist:Kalvin Phillips,Leeds United
2021-11-01,Wolves,Everton,28’,Max Kilman,Assist:Rayan Aït Nouri,Wolves
2021-11-01,Wolves,Everton,32’,Raúl Jiménez,,Wolves
2021-11-05,Southampton,Aston Villa,3’,Adam Armstrong,,Southampton
2021-11-06,Brentford,Norwich City,29’,Teemu Pukki,Penalty Kick,Norwich City
2021-11-06,Brentford,Norwich City,60’,Rico Henry,Assist:Saman Ghoddos,Brentford
2021-11-06,Brentford,Norwich City,6’,Mathias Normann,,Norwich City
2021-11-06,Brighton,Newcastle Utd,24’,Leandro Trossard,Penalty Kick,Brighton
2021-11-06,Brighton,Newcastle Utd,66’,Isaac Hayden,Assist:Ciaran Clark,Newcastle Utd
2021-11-06,Chelsea,Burnley,33’,Kai Havertz,Assist:Reece James,Chelsea
2021-11-06,Chelsea,Burnley,79’,Matěj Vydra,Assist:Jay Rodriguez,Burnley
2021-11-06,Crystal Palace,Wolves,61’,Wilfried Zaha,Assist:James McArthur,Crystal Palace
2021-11-06,Crystal Palace,Wolves,78’,Conor Gallagher,,Crystal Palace
2021-11-06,Manchester Utd,Manchester City,45’,Bernardo Silva,Assist:João Cancelo,Manchester City
2021-11-06,Manchester Utd,Manchester City,7’,Eric Bailly,Own Goal,Manchester City
2021-11-07,Arsenal,Watford,56’,Emile Smith Rowe,,Arsenal
2021-11-07,Leeds United,Leicester City,26’,Raphael Dias Belloli,,Leeds United
2021-11-07,Leeds United,Leicester City,28’,Harvey Barnes,Assist:Boubakary Soumaré,Leicester City
2021-11-07,West Ham,Liverpool,41’,Trent Alexander-Arnold,Assist:Mohamed Salah,Liverpool
2021-11-07,West Ham,Liverpool,4’,Alisson,Own Goal,West Ham
2021-11-07,West Ham,Liverpool,67’,Pablo Fornals,Assist:Jarrod Bowen,West Ham
2021-11-07,West Ham,Liverpool,74’,Kurt Zouma,Assist:Jarrod Bowen,West Ham
2021-11-20,Aston Villa,Brighton,84’,Ollie Watkins,Assist:Ashley Young,Aston Villa
2021-11-20,Aston Villa,Brighton,89’,Tyrone Mings,,Aston Villa
2021-11-20,Burnley,Crystal Palace,19’,Ben Mee,Assist:Ashley Westwood,Burnley
2021-11-20,Burnley,Crystal Palace,27’,Chris Wood,Assist:James Tarkowski,Burnley
2021-11-20,Burnley,Crystal Palace,42’,Marc Guéhi,,Crystal Palace
2021-11-20,Burnley,Crystal Palace,49’,Maxwel Cornet,Assist:James Tarkowski,Burnley
2021-11-20,Burnley,Crystal Palace,8’,Christian Benteke,Assist:Joachim Andersen,Crystal Palace
2021-11-20,Leicester City,Chelsea,14’,Antonio Rüdiger,Assist:Ben Chilwell,Chelsea
2021-11-20,Leicester City,Chelsea,28’,N'Golo Kanté,Assist:Reece James,Chelsea
2021-11-20,Liverpool,Arsenal,39’,Sadio Mané,Assist:Trent Alexander-Arnold,Liverpool
2021-11-20,Liverpool,Arsenal,52’,Diogo Jota,,Liverpool
2021-11-20,Newcastle Utd,Brentford,10’,Jamaal Lascelles,Assist:Matt Ritchie,Newcastle Utd
2021-11-20,Newcastle Utd,Brentford,11’,Ivan Toney,Assist:Sergi Canós,Brentford
2021-11-20,Newcastle Utd,Brentford,31’,Rico Henry,Assist:Sergi Canós,Brentford
2021-11-20,Newcastle Utd,Brentford,39’,Joelinton,,Newcastle Utd
2021-11-20,Newcastle Utd,Brentford,61’,Jamaal Lascelles,Own Goal,Brentford
2021-11-20,Newcastle Utd,Brentford,75’,Allan Saint-Maximin,Assist:Ryan Fraser,Newcastle Utd
2021-11-20,Norwich City,Southampton,4’,Che Adams,Assist:Adam Armstrong,Southampton
2021-11-20,Norwich City,Southampton,79’,Grant Hanley,Assist:Billy Gilmour,Norwich City
2021-11-20,Norwich City,Southampton,7’,Teemu Pukki,Assist:Max Aarons,Norwich City
2021-11-20,Watford,Manchester Utd,28’,Joshua King,Assist:Emmanuel Dennis,Watford
2021-11-20,Watford,Manchester Utd,44’,Ismaila Sarr,Assist:Kiko Femenía,Watford
2021-11-20,Watford,Manchester Utd,90+2’,João Pedro,Assist:Emmanuel Dennis,Watford
2021-11-20,Wolves,West Ham,58’,Raúl Jiménez,Assist:Daniel Podence,Wolves
2021-11-21,Manchester City,Everton,44’,Raheem Sterling,Assist:João Cancelo,Manchester City
2021-11-21,Manchester City,Everton,55’,Rodri,,Manchester City
2021-11-21,Tottenham,Leeds United,44’,Daniel James,Assist:Jack Harrison,Leeds United
2021-11-21,Tottenham,Leeds United,58’,Pierre Højbjerg,Assist:Lucas Moura,Tottenham
2021-11-21,Tottenham,Leeds United,69’,Sergio Reguilón,,Tottenham
2021-11-27,Arsenal,Newcastle Utd,56’,Bukayo Saka,Assist:Nuno Tavares,Arsenal
2021-11-27,Arsenal,Newcastle Utd,66’,Martinelli,Assist:Takehiro Tomiyasu,Arsenal
2021-11-27,Crystal Palace,Aston Villa,15’,Matt Targett,Assist:Ashley Young,Aston Villa
2021-11-27,Crystal Palace,Aston Villa,86’,John McGinn,Assist:Anwar El Ghazi,Aston Villa
2021-11-27,Liverpool,Southampton,2’,Diogo Jota,Assist:Andrew Robertson,Liverpool
2021-11-27,Liverpool,Southampton,32’,Diogo Jota,Assist:Mohamed Salah,Liverpool
2021-11-28,Brentford,Everton,24’,Ivan Toney,Penalty Kick,Brentford
2021-11-28,Chelsea,Manchester Utd,50’,Jadon Sancho,,Manchester Utd
2021-11-28,Chelsea,Manchester Utd,69’,Jorginho,Penalty Kick,Chelsea
2021-11-28,Leicester City,Watford,16’,James Maddison,Assist:Jonny Evans,Leicester City
2021-11-28,Leicester City,Watford,30’,Joshua King,Penalty Kick,Watford
2021-11-28,Leicester City,Watford,34’,Jamie Vardy,Assist:James Maddison,Leicester City
2021-11-28,Leicester City,Watford,42’,Jamie Vardy,Assist:James Maddison,Leicester City
2021-11-28,Leicester City,Watford,68’,Ademola Lookman,,Leicester City
2021-11-28,Manchester City,West Ham,33’,İlkay Gündoğan,,Manchester City
2021-11-28,Manchester City,West Ham,90+4’,Manuel Lanzini,,West Ham
2021-11-28,Manchester City,West Ham,90’,Fernandinho,Assist:İlkay Gündoğan,Manchester City
2021-11-30,Leeds United,Crystal Palace,90+4’,Raphael Dias Belloli,Penalty Kick,Leeds United
2021-11-30,Newcastle Utd,Norwich City,61’,Callum Wilson,Penalty Kick,Newcastle Utd
2021-11-30,Newcastle Utd,Norwich City,79’,Teemu Pukki,Assist:Dimitris Giannoulis,Norwich City
2021-12-01,Aston Villa,Manchester City,27’,Rúben Dias,Assist:Raheem Sterling,Manchester City
2021-12-01,Aston Villa,Manchester City,43’,Bernardo Silva,Assist:Gabriel Jesus,Manchester City
2021-12-01,Everton,Liverpool,19’,Mohamed Salah,Assist:Jordan Henderson,Liverpool
2021-12-01,Everton,Liverpool,38’,Demarai Gray,Assist:Richarlison,Everton
2021-12-01,Everton,Liverpool,64’,Mohamed Salah,,Liverpool
2021-12-01,Everton,Liverpool,79’,Diogo Jota,Assist:Andrew Robertson,Liverpool
2021-12-01,Southampton,Leicester City,22’,Jonny Evans,,Leicester City
2021-12-01,Southampton,Leicester City,34’,Che Adams,Assist:Nathan Redmond,Southampton
2021-12-01,Southampton,Leicester City,3’,Jan Bednarek,,Southampton
2021-12-01,Southampton,Leicester City,49’,James Maddison,Assist:Luke Thomas,Leicester City
2021-12-01,Watford,Chelsea,30’,Mason Mount,Assist:Kai Havertz,Chelsea
2021-12-01,Watford,Chelsea,44’,Emmanuel Dennis,Assist:Moussa Sissoko,Watford
2021-12-01,Watford,Chelsea,72’,Hakim Ziyech,Assist:Mason Mount,Chelsea
2021-12-01,West Ham,Brighton,5’,Tomáš Souček,Assist:Pablo Fornals,West Ham
2021-12-01,West Ham,Brighton,89’,Neal Maupay,Assist:Tariq Lamptey,Brighton
2021-12-02,Manchester Utd,Arsenal,13’,Emile Smith Rowe,Assist:Mohamed Elneny,Arsenal
2021-12-02,Manchester Utd,Arsenal,44’,Bruno Fernandes,Assist:Fred,Manchester Utd
2021-12-02,Manchester Utd,Arsenal,52’,Cristiano Ronaldo,Assist:Marcus Rashford,Manchester Utd
2021-12-02,Manchester Utd,Arsenal,54’,Martin Ødegaard,Assist:Martinelli,Arsenal
2021-12-02,Manchester Utd,Arsenal,70’,Cristiano Ronaldo,Penalty Kick,Manchester Utd
2021-12-02,Tottenham,Brentford,12’,Sergi Canós,Own Goal,Tottenham
2021-12-02,Tottenham,Brentford,65’,Son Heung-min,Assist:Sergio Reguilón,Tottenham
2021-12-04,Newcastle Utd,Burnley,40’,Callum Wilson,Assist:Fabian Schär,Newcastle Utd
2021-12-04,Southampton,Brighton,29’,Armando Broja,Assist:Nathan Redmond,Southampton
2021-12-04,Southampton,Brighton,90+8’,Neal Maupay,Assist:Jakub Moder,Brighton
2021-12-04,Watford,Manchester City,31’,Bernardo Silva,,Manchester City
2021-12-04,Watford,Manchester City,4’,Raheem Sterling,Assist:Phil Foden,Manchester City
2021-12-04,West Ham,Chelsea,28’,Thiago Silva,Assist:Mason Mount,Chelsea
2021-12-04,West Ham,Chelsea,40’,Manuel Lanzini,Penalty Kick,West Ham
2021-12-04,West Ham,Chelsea,44’,Mason Mount,Assist:Hakim Ziyech,Chelsea
2021-12-04,West Ham,Chelsea,56’,Jarrod Bowen,Assist:Vladimír Coufal,West Ham
2021-12-04,West Ham,Chelsea,87’,Arthur Masuaku,Assist:Michail Antonio,West Ham
2021-12-04,Wolves,Liverpool,90+4’,Divock Origi,Assist:Mohamed Salah,Liverpool
2021-12-05,Leeds United,Brentford,27’,Tyler Roberts,Assist:Raphael Dias Belloli,Leeds United
2021-12-05,Leeds United,Brentford,54’,Shandon Baptiste,,Brentford
2021-12-05,Leeds United,Brentford,61’,Sergi Canós,Assist:Bryan Mbeumo,Brentford
2021-12-05,Leeds United,Brentford,90+5’,Patrick Bamford,Assist:Luke Ayling,Leeds United